id;apellido;fechaHora
CITA-001;Sanchez;2025-03-12T17:24
CITA-011;Santos;2025-03-01T23:01
CITA-099;Valencia;2025-03-02T02:33
CITA-043;Guerrero;2025-03-02T09:06
CITA-059;Guerrero;2025-03-02T17:00
CITA-030;Valencia;2025-03-02T17:54
CITA-007;Vera;2025-03-03T02:24
CITA-084;Cárdenas;2025-03-03T06:23
CITA-033;Benitez;2025-03-03T07:29
CITA-078;Naranjo;2025-03-03T14:03
CITA-061;Jiménez;2025-03-13T03:44
CITA-057;Benitez;2025-03-04T00:35
CITA-038;Navarro;2025-03-04T07:18
CITA-100;Álvarez;2025-03-04T14:45
CITA-080;Cárdenas;2025-03-04T20:35
CITA-091;Morales;2025-03-04T23:18
CITA-041;Benitez;2025-03-05T01:05
CITA-022;Jiménez;2025-03-05T13:49
CITA-067;Reyes;2025-03-05T14:52
CITA-006;Benitez;2025-03-06T01:52
CITA-005;Mendoza;2025-03-06T01:53
CITA-032;Salazar;2025-03-06T12:28
CITA-028;Navarro;2025-03-16T23:23
CITA-016;Sanchez;2025-03-06T21:53
CITA-050;Ortega;2025-03-06T22:56
CITA-058;Vera;2025-03-07T07:04
CITA-072;Cárdenas;2025-03-07T09:03
CITA-027;Romero;2025-03-07T09:45
CITA-014;Mendoza;2025-03-07T19:00
CITA-045;Campos;2025-03-09T04:54
CITA-062;Valencia;2025-03-09T14:05
CITA-065;Campos;2025-03-09T21:04
CITA-020;Navarro;2025-03-10T04:35
CITA-023;Paredes;2025-03-10T05:15
CITA-017;Campos;2025-03-10T14:05
CITA-037;Morales;2025-03-10T14:22
CITA-085;Campos;2025-03-10T19:01
CITA-047;García;2025-03-10T19:32
CITA-086;Cárdenas;2025-03-11T05:23
CITA-036;Álvarez;2025-03-25T22:07
CITA-083;Reyes;2025-03-11T09:33
CITA-064;Santos;2025-03-12T04:25
CITA-079;Cedeño;2025-03-12T05:40
CITA-024;Benitez;2025-03-12T11:26
CITA-073;Álvarez;2025-03-01T12:01
CITA-069;Salazar;2025-03-03T14:25
CITA-098;Villacís;2025-03-14T08:06
CITA-019;Castro;2025-03-14T11:19
CITA-040;Sanchez;2025-03-14T17:18
CITA-025;García;2025-03-15T04:55
CITA-090;Castro;2025-03-15T16:43
CITA-096;Benitez;2025-03-16T08:28
CITA-042;Guerrero;2025-03-16T09:28
CITA-015;Paredes;2025-03-06T20:43
CITA-048;Salazar;2025-03-17T03:38
CITA-097;Naranjo;2025-03-17T05:35
CITA-018;Ruiz;2025-03-17T07:04
CITA-066;Castro;2025-03-17T20:10
CITA-049;Paredes;2025-03-17T23:05
CITA-094;Guerrero;2025-03-18T09:43
CITA-029;Navarro;2025-03-19T08:27
CITA-055;Campos;2025-03-19T12:28
CITA-004;Lozano;2025-03-19T13:01
CITA-009;Sanchez;2025-03-19T14:48
CITA-031;Valencia;2025-03-19T19:30
CITA-021;Naranjo;2025-03-19T22:39
CITA-082;Cárdenas;2025-03-20T07:00
CITA-088;Naranjo;2025-03-20T17:25
CITA-046;Benitez;2025-03-21T11:38
CITA-039;García;2025-03-22T03:29
CITA-052;Sanchez;2025-03-24T21:50
CITA-010;Paredes;2025-03-22T20:53
CITA-092;Vera;2025-03-23T00:40
CITA-076;Benitez;2025-03-23T12:10
CITA-087;Naranjo;2025-03-23T12:36
CITA-003;Salazar;2025-03-23T14:21
CITA-093;Guerrero;2025-03-24T11:22
CITA-095;Ruiz;2025-03-24T18:48
CITA-077;Sanchez;2025-03-24T19:01
CITA-071;Benitez;2025-03-24T19:44
CITA-075;Valencia;2025-03-22T20:00
CITA-026;Villacís;2025-03-25T05:10
CITA-068;Ortega;2025-03-25T17:36
CITA-060;Ruiz;2025-03-11T05:29
CITA-074;Salazar;2025-03-26T03:17
CITA-063;Reyes;2025-03-26T12:58
CITA-013;Lozano;2025-03-26T15:40
CITA-081;Vera;2025-03-27T14:03
CITA-008;Morales;2025-03-27T16:18
CITA-089;Navarro;2025-03-28T07:39
CITA-054;Cabrera;2025-03-28T13:13
CITA-044;García;2025-03-28T23:48
CITA-056;Ortega;2025-03-29T08:58
CITA-053;Romero;2025-03-29T21:50
CITA-034;Benitez;2025-03-30T04:41
CITA-002;Cárdenas;2025-03-30T06:01
CITA-035;Rojas;2025-03-30T16:54
CITA-051;Cedeño;2025-03-30T19:47
CITA-012;Rojas;2025-03-30T20:02
CITA-070;Cárdenas;2025-03-31T08:25
