id;apellido;fechaHora
CITA-001;Sanchez;2025-03-12T17:24
CITA-002;Lozano;2025-03-14T16:22
CITA-003;Campos;2025-03-19T09:27
CITA-004;Villacís;2025-03-20T14:51
CITA-005;Salazar;2025-03-17T16:10
CITA-006;Álvarez;2025-03-18T15:57
CITA-007;Paredes;2025-03-04T12:52
CITA-008;Álvarez;2025-03-27T09:14
CITA-009;Benitez;2025-03-06T15:01
CITA-010;Valencia;2025-03-02T16:12
CITA-011;Vera;2025-03-30T08:40
CITA-012;Paredes;2025-03-20T14:00
CITA-013;Mendoza;2025-03-15T05:38
CITA-014;Guerrero;2025-03-06T09:10
CITA-015;Torres;2025-03-19T17:55
CITA-016;Villacís;2025-03-13T09:44
CITA-017;Reyes;2025-03-25T11:10
CITA-018;Villacís;2025-03-17T13:35
CITA-019;Valencia;2025-03-04T09:40
CITA-020;Benitez;2025-03-12T14:39
CITA-021;Cabrera;2025-03-04T17:50
CITA-022;García;2025-03-08T15:20
CITA-023;Romero;2025-03-25T10:09
CITA-024;Jiménez;2025-03-30T09:44
CITA-025;Morales;2025-03-26T11:53
CITA-026;Benitez;2025-03-18T08:09
CITA-027;Benitez;2025-03-10T10:55
CITA-028;Naranjo;2025-03-10T09:08
CITA-029;Guerrero;2025-03-15T17:52
CITA-030;Paredes;2025-03-11T12:48
CITA-031;Cárdenas;2025-03-18T09:16
CITA-032;Campos;2025-03-08T15:25
CITA-033;Álvarez;2025-03-05T15:31
CITA-034;Cedeño;2025-03-31T09:10
CITA-035;Salazar;2025-03-30T14:37
CITA-036;Álvarez;2025-03-04T16:20
CITA-037;Lozano;2025-03-11T10:39
CITA-038;Mendoza;2025-03-21T17:14
CITA-039;García;2025-03-01T09:45
CITA-040;Cabrera;2025-03-27T08:07
CITA-041;Ortega;2025-03-24T15:33
CITA-042;Bravo;2025-03-29T09:05
CITA-043;Ortega;2025-03-15T16:32
CITA-044;Benitez;2025-03-27T09:26
CITA-045;Reyes;2025-03-11T08:44
CITA-046;Castro;2025-03-14T12:34
CITA-047;Lozano;2025-03-19T12:25
CITA-048;Guerrero;2025-03-28T15:22
CITA-049;Salazar;2025-03-06T08:40
CITA-050;Reyes;2025-03-07T17:22
CITA-051;García;2025-03-01T16:04
CITA-052;Cárdenas;2025-03-23T11:22
CITA-053;Bravo;2025-03-19T09:15
CITA-054;Vásquez;2025-03-29T09:34
CITA-055;Ortega;2025-03-10T10:20
CITA-056;García;2025-03-14T10:05
CITA-057;Benitez;2025-03-21T13:22
CITA-058;Campos;2025-03-21T17:26
CITA-059;Villacís;2025-03-06T09:42
CITA-060;Castro;2025-03-19T08:53
CITA-061;Campos;2025-03-16T10:19
CITA-062;Rojas;2025-03-06T12:52
CITA-063;Santos;2025-03-12T17:16
CITA-064;Cedeño;2025-03-09T17:53
CITA-065;Navarro;2025-03-25T16:31
CITA-066;Valencia;2025-03-02T17:52
CITA-067;Jiménez;2025-03-21T14:16
CITA-068;Reyes;2025-03-11T18:00
CITA-069;Ortega;2025-03-03T08:17
CITA-070;Campos;2025-03-01T12:04
CITA-071;Ruiz;2025-03-29T10:54
CITA-072;Naranjo;2025-03-21T11:18
CITA-073;Reyes;2025-03-26T16:11
CITA-074;Rojas;2025-03-13T09:15
CITA-075;Morales;2025-03-12T10:41
CITA-076;Benitez;2025-03-28T11:14
CITA-077;Paredes;2025-03-02T13:40
CITA-078;Cabrera;2025-03-20T17:54
CITA-079;Naranjo;2025-03-24T12:30
CITA-080;Reyes;2025-03-21T13:19
CITA-081;Jiménez;2025-03-28T15:32
CITA-082;Bravo;2025-03-03T09:23
CITA-083;Valencia;2025-03-29T10:48
CITA-084;Paredes;2025-03-22T09:05
CITA-085;Mendoza;2025-03-08T14:17
CITA-086;Campos;2025-03-07T15:06
CITA-087;Campos;2025-03-31T14:13
CITA-088;Naranjo;2025-03-07T08:48
CITA-089;Guerrero;2025-03-03T09:16
CITA-090;Guerrero;2025-03-16T15:43
CITA-091;Cabrera;2025-03-01T12:09
CITA-092;Benitez;2025-03-24T15:43
CITA-093;Reyes;2025-03-17T08:10
CITA-094;Torres;2025-03-06T10:06
CITA-095;Paredes;2025-03-08T14:25
CITA-096;Santos;2025-03-04T09:17
CITA-097;Vera;2025-03-11T10:14
CITA-098;Valencia;2025-03-02T010:33
CITA-099;Valencia;2025-03-02T11:33
CITA-100;Álvarez;2025-03-04T14:45
